{"number_episodes": 9, "episode_rewards": [785.4999999999568, 902.3999999999901, 894.2999999999805, 909.3999999999814, 920.899999999991, 905.7999999999902, 908.2999999999843, 875.2999999999798, 902.9999999999816], "mean_all_episodes": 889.4333333333151, "std_all_episodes": 38.57229863805023}