{"number_episodes": 18, "episode_rewards": [797.9999999999594, 903.9999999999833, 902.7999999999871, 905.8999999999909, 858.3999999999799, 912.4999999999844, 914.9999999999872, 906.5999999999801, 895.2999999999865, 860.7999999999689, 914.1999999999891, 917.1999999999887, 874.1999999999754, 880.6999999999792, 915.5999999999916, 915.1999999999891, 915.2999999999854, 882.6999999999856], "mean_all_episodes": 893.0222222222051, "std_all_episodes": 29.668287512949668}