{"number_episodes": 18, "episode_rewards": [785.4999999999568, 902.3999999999901, 894.2999999999805, 909.3999999999814, 920.899999999991, 905.7999999999902, 908.2999999999843, 875.2999999999798, 902.9999999999816, 906.9999999999903, 902.3999999999858, 914.2999999999823, 896.0999999999899, 908.0999999999841, 908.3999999999816, 918.9999999999914, 808.2999999999678, 882.999999999987], "mean_all_episodes": 891.7499999999832, "std_all_episodes": 35.46491615354975}