{"number_episodes": 10, "episode_rewards": [914.8999999999844, 915.9999999999853, 932.3999999999862, 907.59999999998, 870.799999999972, 919.7999999999851, 862.399999999973, 920.9999999999887, 919.9999999999843, 919.7999999999881], "mean_all_episodes": 908.4699999999827, "std_all_episodes": 21.816509803362905}