{"number_episodes": 4, "episode_rewards": [899.3999999999905, 898.5999999999839, 913.5999999999833, 882.0999999999897], "mean_all_episodes": 898.4249999999868, "std_all_episodes": 11.155351854601074}