{"number_episodes": 14, "episode_rewards": [785.4999999999568, 902.3999999999901, 894.2999999999805, 909.3999999999814, 920.899999999991, 905.7999999999902, 908.2999999999843, 875.2999999999798, 902.9999999999816, 906.9999999999903, 902.3999999999858, 914.2999999999823, 896.0999999999899, 908.0999999999841], "mean_all_episodes": 895.1999999999834, "std_all_episodes": 32.08559979626679}