{"number_episodes": 9, "episode_rewards": [899.3999999999905, 898.5999999999839, 913.5999999999833, 882.0999999999897, 856.0999999999718, 885.6999999999856, 905.2999999999882, 908.099999999985, 864.499999999977], "mean_all_episodes": 890.3777777777617, "std_all_episodes": 18.738123810850578}