{"number_episodes": 8, "episode_rewards": [797.9999999999594, 903.9999999999833, 902.7999999999871, 905.8999999999909, 858.3999999999799, 912.4999999999844, 914.9999999999872, 906.5999999999801], "mean_all_episodes": 887.8999999999814, "std_all_episodes": 37.82647882106698}