{"number_episodes": 5, "episode_rewards": [914.8999999999844, 915.9999999999853, 932.3999999999862, 907.59999999998, 870.799999999972], "mean_all_episodes": 908.3399999999816, "std_all_episodes": 20.446965545043792}