{"number_episodes": 13, "episode_rewards": [797.9999999999594, 903.9999999999833, 902.7999999999871, 905.8999999999909, 858.3999999999799, 912.4999999999844, 914.9999999999872, 906.5999999999801, 895.2999999999865, 860.7999999999689, 914.1999999999891, 917.1999999999887, 874.1999999999754], "mean_all_episodes": 889.6076923076738, "std_all_episodes": 32.74125747171179}