{"number_episodes": 3, "episode_rewards": [785.4999999999568, 902.3999999999901, 894.2999999999805], "mean_all_episodes": 860.7333333333091, "std_all_episodes": 53.30067750248281}