{"number_episodes": 38, "episode_rewards": [785.4999999999568, 902.3999999999901, 894.2999999999805, 909.3999999999814, 920.899999999991, 905.7999999999902, 908.2999999999843, 875.2999999999798, 902.9999999999816, 906.9999999999903, 902.3999999999858, 914.2999999999823, 896.0999999999899, 908.0999999999841, 908.3999999999816, 918.9999999999914, 808.2999999999678, 882.999999999987, 901.8999999999837, 907.8999999999843, 906.999999999985, 827.1999999999633, 876.499999999986, 902.9999999999837, 904.4999999999901, 904.9999999999818, 908.4999999999824, 921.3999999999845, 899.5999999999899, 891.8999999999791, 912.3999999999814, 904.7999999999906, 906.7999999999813, 914.5999999999842, 916.7999999999918, 832.899999999965, 914.4999999999836, 910.4999999999872], "mean_all_episodes": 895.242105263141, "std_all_episodes": 30.419554233729325}