{"number_episodes": 14, "episode_rewards": [899.3999999999905, 898.5999999999839, 913.5999999999833, 882.0999999999897, 856.0999999999718, 885.6999999999856, 905.2999999999882, 908.099999999985, 864.499999999977, 868.3999999999737, 917.499999999991, 918.6999999999863, 916.3999999999888, 902.7999999999806], "mean_all_episodes": 895.5142857142697, "std_all_episodes": 20.076527059620805}