{"number_episodes": 28, "episode_rewards": [785.4999999999568, 902.3999999999901, 894.2999999999805, 909.3999999999814, 920.899999999991, 905.7999999999902, 908.2999999999843, 875.2999999999798, 902.9999999999816, 906.9999999999903, 902.3999999999858, 914.2999999999823, 896.0999999999899, 908.0999999999841, 908.3999999999816, 918.9999999999914, 808.2999999999678, 882.999999999987, 901.8999999999837, 907.8999999999843, 906.999999999985, 827.1999999999633, 876.499999999986, 902.9999999999837, 904.4999999999901, 904.9999999999818, 908.4999999999824, 921.3999999999845], "mean_all_episodes": 893.3714285714113, "std_all_episodes": 32.285621049176946}