{"number_episodes": 4, "episode_rewards": [797.9999999999594, 903.9999999999833, 902.7999999999871, 905.8999999999909], "mean_all_episodes": 877.6749999999802, "std_all_episodes": 46.013659656683544}